ID,Region,District,Education,Yield,Age,Gender,Income,Water_Source,Crop,Year,Research_Title,Methodology,P_Value,Findings
1,Northern,Gulu,Primary,3.686387412215288,57,Female,1129135,Tap,Cassava,2023,Thesis,KII,0.025893338462137223,Education increases yield
2,Western,Mbarara,Secondary,3.9636471660756407,47,Female,1677608,Tap,Coffee,2024,Thesis,FGD,0.028637165886506923,Education increases yield
3,Central,Gulu,Primary,1.3145799953196888,43,Male,1774887,Borehole,Coffee,2023,Thesis,KII,0.047212295318286475,Education increases yield
4,Northern,Gulu,University,6.401107507746449,55,Male,1667448,Borehole,Beans,2023,Thesis,FGD,0.014063281264690447,Education increases yield
5,Northern,Gulu,None,1.9704252171166425,39,Female,1203694,Tap,Cassava,2024,Thesis,Survey,0.04689772372495984,Education increases yield
6,Western,Kampala,Primary,3.176770270716955,56,Male,1729045,River,Coffee,2022,Thesis,FGD,0.04043808685782008,Education increases yield
7,Central,Kampala,Primary,3.018639647613567,56,Female,1807706,Well,Maize,2024,Thesis,FGD,0.036813808650248074,Education increases yield
8,Central,Kampala,Secondary,3.575293276837897,51,Female,1215590,Well,Coffee,2024,Thesis,FGD,0.039556643190071135,Education increases yield
9,Northern,Mbarara,University,7.551902618032698,42,Female,1303765,Well,Cassava,2022,Thesis,Survey,0.030665827248122793,Education increases yield
10,Eastern,Lira,None,2.176899078037066,53,Female,1638838,Well,Beans,2023,Thesis,Survey,0.012959920512661805,Education increases yield
11,Northern,Gulu,University,6.104578370110024,30,Female,508067,Well,Coffee,2024,Thesis,KII,0.010285253473152785,Education increases yield
12,Northern,Gulu,None,1.1584299024574753,46,Female,1545800,Tap,Maize,2022,Thesis,KII,0.04345073035666914,Education increases yield
13,Northern,Mbarara,University,8.820401963682112,59,Female,1252050,Well,Coffee,2022,Thesis,KII,0.03653183072719583,Education increases yield
14,Northern,Gulu,None,0.4601257235366124,26,Female,1373761,River,Maize,2024,Thesis,Survey,0.011447009855286502,Education increases yield
15,Western,Kampala,None,0.2,32,Male,672923,River,Cassava,2024,Thesis,Survey,0.03113957492784568,Education increases yield
16,Central,Lira,Secondary,5.582904434464799,48,Male,858620,Borehole,Beans,2022,Thesis,Survey,0.022929777589296967,Education increases yield
17,Western,Arua,University,7.93660477170456,61,Male,1177722,Borehole,Cassava,2024,Thesis,Survey,0.008774103328191602,Education increases yield
18,Western,Gulu,University,6.343032676422575,44,Male,1105958,Borehole,Coffee,2022,Thesis,Survey,0.027060998358501055,Education increases yield
19,Western,Kampala,Secondary,4.087008218131913,48,Female,1254194,Borehole,Coffee,2024,Thesis,FGD,0.014794435530854445,Education increases yield
20,Northern,Arua,University,5.575064949811048,27,Male,901125,Tap,Beans,2022,Thesis,KII,0.0057159620837210065,Education increases yield
21,Eastern,Lira,None,1.288952272609702,54,Male,981550,River,Maize,2024,Thesis,FGD,0.023880956628725133,Education increases yield
22,Central,Arua,University,7.9659137153714,24,Female,365190,Tap,Cassava,2024,Thesis,KII,0.029915319052584533,Education increases yield
23,Eastern,Kampala,Secondary,3.657395158241722,49,Male,1913221,River,Maize,2024,Thesis,FGD,0.003298414108676375,Education increases yield
24,Western,Arua,Secondary,5.077101978786293,28,Male,1484000,Tap,Coffee,2023,Thesis,Survey,0.020702544721138846,Education increases yield
25,Western,Mbarara,University,7.263723857390432,62,Male,519227,River,Maize,2024,Thesis,KII,0.01362543407199758,Education increases yield
26,Eastern,Arua,Secondary,4.77781689088114,45,Male,404749,Borehole,Cassava,2022,Thesis,FGD,0.0025018789446543885,Education increases yield
27,Eastern,Gulu,Secondary,3.715690819413632,21,Female,359424,River,Maize,2022,Thesis,KII,0.007157464930963785,Education increases yield
28,Eastern,Gulu,Secondary,3.8453758170665058,62,Male,637272,Borehole,Coffee,2023,Thesis,Survey,0.007812673782100502,Education increases yield
29,Western,Mbarara,University,4.953227565528598,48,Male,1180549,River,Cassava,2023,Thesis,Survey,0.009960838157780587,Education increases yield
30,Western,Kampala,Primary,1.9333305874898943,46,Male,353233,Tap,Maize,2023,Thesis,KII,0.04036550100045814,Education increases yield
31,Central,Gulu,University,7.963485458031259,50,Male,611866,Well,Maize,2024,Thesis,KII,0.022535101457428822,Education increases yield
32,Central,Lira,Secondary,3.2706678058977268,21,Female,1527664,River,Cassava,2024,Thesis,Survey,0.008207213621248956,Education increases yield
33,Western,Gulu,Primary,1.7196983461430952,64,Female,993978,Tap,Coffee,2022,Thesis,Survey,0.005914551379466573,Education increases yield
34,Eastern,Gulu,Secondary,4.840189823707124,43,Male,778427,Well,Cassava,2022,Thesis,Survey,0.015599082477722914,Education increases yield
35,Eastern,Kampala,Secondary,4.602768291993094,48,Female,1362433,Tap,Coffee,2024,Thesis,FGD,0.04010276041651817,Education increases yield
36,Central,Arua,Secondary,4.889863249796301,48,Female,1517927,Well,Maize,2022,Thesis,KII,0.01885853254904253,Education increases yield
37,Western,Gulu,Secondary,3.0367794599095963,44,Female,1867668,Borehole,Cassava,2024,Thesis,Survey,0.008834970654402967,Education increases yield
38,Central,Mbarara,None,3.764057949300346,42,Female,927382,River,Coffee,2023,Thesis,KII,0.020801692895761836,Education increases yield
39,Central,Arua,Secondary,2.98424662583275,53,Male,493366,Tap,Cassava,2024,Thesis,FGD,0.02821026630706582,Education increases yield
40,Northern,Lira,University,6.954247313734068,48,Female,1070735,River,Maize,2024,Thesis,FGD,0.0024496249982626788,Education increases yield
41,Northern,Kampala,Primary,2.3413445041314134,60,Male,1942851,Borehole,Cassava,2024,Thesis,Survey,0.03175444827056848,Education increases yield
42,Northern,Lira,Secondary,3.0133584826349527,54,Male,1782881,Borehole,Maize,2022,Thesis,KII,0.020359936897724678,Education increases yield
43,Eastern,Arua,Primary,2.1297905771867502,62,Male,346166,River,Maize,2024,Thesis,FGD,0.0014765678814285248,Education increases yield
44,Western,Arua,Secondary,4.22330760088587,61,Male,755524,Tap,Maize,2024,Thesis,KII,0.03402058054837267,Education increases yield
45,Western,Arua,Secondary,3.55002678813653,40,Male,600880,Tap,Coffee,2024,Thesis,KII,0.03590699414256976,Education increases yield
46,Western,Lira,Secondary,5.137223621534849,52,Male,492065,Tap,Coffee,2023,Thesis,Survey,0.03181314963937546,Education increases yield
47,Western,Arua,Primary,2.338374254537529,21,Male,557525,River,Beans,2024,Thesis,FGD,0.017754580662322692,Education increases yield
48,Northern,Lira,Secondary,2.8587253289817136,45,Male,1184723,Tap,Coffee,2024,Thesis,FGD,0.026950637849232097,Education increases yield
49,Eastern,Arua,None,0.2,59,Male,1050022,Tap,Beans,2024,Thesis,FGD,0.019970727600538335,Education increases yield
50,Eastern,Mbarara,Primary,3.106165090611456,58,Male,1675569,Well,Cassava,2022,Thesis,KII,0.035330464777825026,Education increases yield
51,Northern,Arua,None,0.2,59,Female,903948,Tap,Maize,2023,Thesis,FGD,0.029595429125450746,Education increases yield
52,Eastern,Lira,Primary,2.8164260730490835,30,Female,586795,Borehole,Coffee,2023,Thesis,FGD,0.005008156577545038,Education increases yield
53,Northern,Gulu,Secondary,4.644655185666959,18,Female,635883,Tap,Maize,2024,Thesis,KII,0.032511584352730875,Education increases yield
54,Western,Arua,Secondary,3.204644636075983,29,Male,591685,River,Beans,2024,Thesis,FGD,0.03467468230255228,Education increases yield
55,Northern,Gulu,Secondary,5.090738083774891,60,Male,1802844,River,Coffee,2022,Thesis,FGD,0.01916440685012027,Education increases yield
56,Western,Mbarara,Primary,0.7822063762383678,57,Male,1889824,Tap,Coffee,2024,Thesis,KII,0.04391350326702552,Education increases yield
57,Western,Kampala,University,7.096458933998559,43,Male,956276,River,Coffee,2022,Thesis,FGD,0.042307703387403174,Education increases yield
58,Central,Mbarara,Secondary,4.159142066403992,63,Male,263470,River,Coffee,2024,Thesis,Survey,0.009583159671087155,Education increases yield
59,Northern,Arua,Secondary,4.0810020242691065,63,Female,1583482,Tap,Maize,2022,Thesis,KII,0.04530904911580756,Education increases yield
60,Central,Gulu,University,5.622103357019427,40,Female,564789,Well,Coffee,2023,Thesis,FGD,0.0226027462032588,Education increases yield
61,Northern,Gulu,University,5.862977995600074,39,Male,873286,Well,Beans,2024,Thesis,Survey,0.03646373297908038,Education increases yield
62,Northern,Lira,Primary,4.118802025020598,45,Male,217621,Well,Coffee,2022,Thesis,KII,0.04089075334139457,Education increases yield
63,Central,Gulu,Primary,3.7151550088717538,34,Female,1373180,Well,Beans,2022,Thesis,FGD,0.025750508632414806,Education increases yield
64,Central,Lira,University,7.542084588523799,23,Female,540920,Borehole,Beans,2024,Thesis,KII,0.020555995029169973,Education increases yield
65,Northern,Kampala,Secondary,5.139848103529688,31,Female,1247346,Tap,Maize,2022,Thesis,Survey,0.045857117062139824,Education increases yield
66,Eastern,Arua,None,2.046013544671269,34,Male,235031,River,Coffee,2024,Thesis,KII,0.012311824093835737,Education increases yield
67,Western,Lira,Secondary,3.8766437877137916,55,Male,1542866,River,Beans,2024,Thesis,FGD,0.01359153380823808,Education increases yield
68,Central,Kampala,University,6.847603551814351,22,Male,708186,Tap,Coffee,2022,Thesis,Survey,0.01871939538665842,Education increases yield
69,Western,Gulu,Secondary,2.7274916219589915,30,Male,994430,River,Maize,2022,Thesis,KII,0.04311382312055771,Education increases yield
70,Eastern,Gulu,Secondary,4.110304373192474,26,Female,314619,Borehole,Maize,2022,Thesis,FGD,0.04700062494644072,Education increases yield
71,Eastern,Kampala,University,7.983414249539186,61,Female,1158012,Well,Coffee,2023,Thesis,FGD,0.01178331802298823,Education increases yield
72,Eastern,Gulu,Primary,1.8392927517428643,59,Male,1718140,Tap,Beans,2024,Thesis,Survey,0.043329637233931025,Education increases yield
73,Central,Kampala,Primary,3.523141204687226,43,Female,1366550,River,Cassava,2024,Thesis,Survey,0.013651945013959898,Education increases yield
74,Eastern,Lira,Secondary,4.2915857386937635,30,Male,493245,Borehole,Cassava,2023,Thesis,KII,0.048561421090744517,Education increases yield
75,Central,Lira,University,5.414628134330267,36,Female,985452,River,Maize,2023,Thesis,FGD,0.030272986707097535,Education increases yield
76,Eastern,Kampala,Primary,1.3926804866536884,34,Male,1590484,Borehole,Beans,2022,Thesis,Survey,0.0013472369049217373,Education increases yield
77,Western,Lira,Secondary,5.119302869707755,33,Female,1666539,River,Cassava,2024,Thesis,FGD,0.002672365299487716,Education increases yield
78,Western,Lira,Secondary,4.752524085258385,47,Female,573980,Well,Beans,2023,Thesis,KII,0.008226742009430715,Education increases yield
79,Northern,Lira,Secondary,4.301764072987625,49,Female,1964736,Tap,Coffee,2023,Thesis,Survey,0.010191084733119079,Education increases yield
80,Western,Mbarara,Secondary,3.9259681857520548,31,Male,1868190,Well,Maize,2024,Thesis,KII,0.03861333701850324,Education increases yield
81,Northern,Arua,University,7.010567977628585,32,Female,464026,Well,Coffee,2024,Thesis,KII,0.011915527944430546,Education increases yield
82,Western,Gulu,Secondary,5.080296249253249,29,Male,1418603,River,Coffee,2024,Thesis,Survey,0.04848793938244313,Education increases yield
83,Central,Mbarara,Secondary,5.675853280487285,54,Male,939555,Well,Coffee,2022,Thesis,KII,0.03216949080294398,Education increases yield
84,Western,Lira,Secondary,5.723684199440605,28,Female,259965,Tap,Beans,2023,Thesis,FGD,0.034933357953422374,Education increases yield
85,Northern,Kampala,Secondary,4.571959900758499,22,Male,837244,Borehole,Cassava,2022,Thesis,Survey,0.01167300944497517,Education increases yield
86,Northern,Lira,Primary,2.3280683096354795,28,Male,419866,Borehole,Coffee,2024,Thesis,FGD,0.044742609390659153,Education increases yield
87,Eastern,Arua,Primary,2.6462480078188557,51,Male,1993358,River,Maize,2024,Thesis,KII,0.03372291406817664,Education increases yield
88,Central,Lira,Secondary,4.72212035725508,36,Male,372632,Tap,Beans,2023,Thesis,Survey,0.04335587559275133,Education increases yield
89,Western,Kampala,None,1.7180669438450913,43,Female,755631,Tap,Cassava,2022,Thesis,FGD,0.047867573764330124,Education increases yield
90,Eastern,Arua,Primary,3.8079866371401048,43,Male,1498126,Borehole,Coffee,2022,Thesis,FGD,0.0071564078783702256,Education increases yield
91,Western,Lira,Secondary,6.315755721916656,34,Female,1070375,Borehole,Maize,2022,Thesis,FGD,0.005732774283178338,Education increases yield
92,Western,Arua,Secondary,3.994745370385914,48,Male,315154,Well,Coffee,2024,Thesis,FGD,0.040366983502892154,Education increases yield
93,Eastern,Gulu,Primary,4.655884908824462,36,Male,597166,River,Cassava,2023,Thesis,FGD,0.043440176895614344,Education increases yield
94,Eastern,Gulu,Secondary,5.372239246758394,61,Male,334961,Borehole,Cassava,2022,Thesis,KII,0.0296043096230213,Education increases yield
95,Eastern,Lira,Secondary,4.099177009814793,37,Male,1736296,Borehole,Coffee,2024,Thesis,KII,0.018934026839775513,Education increases yield
96,Eastern,Arua,Primary,3.9985648388650796,40,Male,743264,Tap,Coffee,2024,Thesis,KII,0.032978852167685965,Education increases yield
97,Eastern,Kampala,University,8.485648301419165,42,Male,485160,Tap,Beans,2022,Thesis,KII,0.01597753955703041,Education increases yield
98,Western,Lira,Secondary,3.7397045558061532,45,Male,930107,Tap,Cassava,2023,Thesis,KII,0.01268089891551994,Education increases yield
99,Eastern,Gulu,Secondary,5.932215252485648,54,Male,1926678,Borehole,Cassava,2023,Thesis,KII,0.02491911526683601,Education increases yield
100,Central,Gulu,Secondary,5.275082821035964,29,Male,918698,River,Coffee,2022,Thesis,KII,0.011591537552712604,Education increases yield
101,Northern,Lira,University,9.0,18,Female,753620,Well,Maize,2024,Thesis,FGD,0.024701476807443473,Education increases yield
102,Eastern,Arua,Secondary,3.7759614180005014,19,Female,409697,River,Coffee,2024,Thesis,KII,0.047873718767715026,Education increases yield
103,Eastern,Gulu,Secondary,3.846573256264004,27,Male,1908372,Borehole,Coffee,2022,Thesis,FGD,0.04214941774525213,Education increases yield
104,Western,Arua,Secondary,2.17333787025666,51,Male,348159,Well,Cassava,2024,Thesis,Survey,0.047139915055501094,Education increases yield
105,Eastern,Gulu,Primary,3.0711939205679624,49,Male,1042134,River,Beans,2024,Thesis,KII,0.04051011976752057,Education increases yield
106,Eastern,Gulu,Primary,2.875251255618718,42,Female,1274004,Borehole,Coffee,2022,Thesis,FGD,0.01838279586136756,Education increases yield
107,Eastern,Mbarara,Secondary,3.6370063284643335,27,Female,1191537,River,Maize,2024,Thesis,Survey,0.040790216689026396,Education increases yield
108,Western,Gulu,Secondary,4.118149268511942,18,Female,883514,Borehole,Maize,2022,Thesis,Survey,0.04622287143410749,Education increases yield
109,Eastern,Kampala,Secondary,2.888778989824885,49,Male,1864909,Tap,Coffee,2022,Thesis,FGD,0.04740475360401567,Education increases yield
110,Northern,Lira,Primary,3.698444952831686,54,Male,1485588,River,Maize,2022,Thesis,FGD,0.03447669468356486,Education increases yield
111,Western,Lira,Secondary,3.71030052547169,29,Female,455739,Tap,Maize,2024,Thesis,FGD,0.011356965546940545,Education increases yield
112,Northern,Arua,Primary,5.594049015620952,35,Male,1686539,Tap,Coffee,2022,Thesis,KII,0.0029467285148698516,Education increases yield
113,Western,Gulu,Secondary,4.024398699288968,47,Male,307369,Well,Maize,2024,Thesis,Survey,0.008212811179847634,Education increases yield
114,Eastern,Kampala,Secondary,3.4403811589516904,30,Female,234349,Well,Maize,2022,Thesis,KII,0.04831179897680333,Education increases yield
115,Northern,Arua,Secondary,3.787686881265138,20,Male,1449141,River,Coffee,2023,Thesis,KII,0.023642744385445703,Education increases yield
116,Western,Mbarara,Secondary,2.788039023455749,38,Female,1285934,Borehole,Cassava,2024,Thesis,KII,0.04289431472677082,Education increases yield
117,Central,Arua,Secondary,4.682271890702943,59,Female,776772,Well,Beans,2024,Thesis,Survey,0.023787163524356267,Education increases yield
118,Eastern,Arua,Secondary,3.780100300220878,31,Male,1984385,Well,Beans,2024,Thesis,Survey,0.033380061589532134,Education increases yield
119,Western,Gulu,Secondary,5.331252790397738,57,Female,1299413,Tap,Cassava,2023,Thesis,Survey,0.0021828980789943488,Education increases yield
120,Central,Mbarara,None,0.9252525048255825,27,Male,799621,Tap,Coffee,2022,Thesis,FGD,0.01324338219324897,Education increases yield
121,Western,Arua,Secondary,5.584442111685647,19,Female,1518251,Borehole,Cassava,2023,Thesis,KII,0.022377194722086876,Education increases yield
122,Central,Kampala,Secondary,4.957455749317041,62,Male,213825,Well,Beans,2022,Thesis,FGD,0.031900921310554,Education increases yield
123,Eastern,Kampala,Secondary,4.228596776718344,54,Male,1181532,Well,Beans,2022,Thesis,FGD,0.009404538214605747,Education increases yield
124,Northern,Lira,Secondary,5.780232587350822,28,Male,534591,Borehole,Beans,2022,Thesis,KII,0.03846302174925401,Education increases yield
125,Central,Mbarara,University,7.752293461037209,18,Male,625532,Well,Beans,2022,Thesis,Survey,0.01885583060067563,Education increases yield
126,Western,Mbarara,University,9.0,43,Female,533411,River,Coffee,2022,Thesis,KII,0.04105432819246034,Education increases yield
127,Eastern,Lira,Primary,2.0905447550217957,59,Female,479423,River,Beans,2023,Thesis,FGD,0.005800485429358297,Education increases yield
128,Central,Arua,Primary,2.5766161054584606,30,Male,1885958,Borehole,Beans,2024,Thesis,Survey,0.034308072796436224,Education increases yield
129,Western,Mbarara,Secondary,5.76870901101093,45,Male,573903,Tap,Coffee,2023,Thesis,Survey,0.015373088327118999,Education increases yield
130,Western,Kampala,Primary,0.9564621881648876,53,Male,899583,Borehole,Cassava,2024,Thesis,FGD,0.03997377553200828,Education increases yield
131,Western,Kampala,Secondary,5.516943563232562,38,Female,1469600,River,Coffee,2024,Thesis,Survey,0.02070635092507812,Education increases yield
132,Central,Gulu,University,7.239302757681471,27,Female,1407648,Well,Beans,2024,Thesis,Survey,0.03360213198091476,Education increases yield
133,Central,Mbarara,Primary,1.6117892445527522,29,Male,498443,Well,Maize,2023,Thesis,KII,0.046780958163187204,Education increases yield
134,Central,Arua,Primary,1.1369603414488785,63,Female,407274,Tap,Coffee,2022,Thesis,KII,0.0020107049686744535,Education increases yield
135,Northern,Lira,Primary,1.827510526869716,44,Male,1660037,Tap,Coffee,2022,Thesis,FGD,0.0015447223343843081,Education increases yield
136,Central,Lira,Secondary,1.9151804276744282,20,Female,429174,River,Cassava,2024,Thesis,FGD,0.03874368335665896,Education increases yield
137,Central,Arua,Secondary,3.7104605563084965,45,Male,1669131,Tap,Beans,2022,Thesis,FGD,0.03267325952389583,Education increases yield
138,Central,Gulu,Primary,3.1225563333425814,19,Male,925748,Borehole,Maize,2022,Thesis,Survey,0.015356006304717201,Education increases yield
139,Northern,Lira,University,6.323699359031172,45,Male,394891,River,Coffee,2023,Thesis,FGD,0.02522543843593886,Education increases yield
140,Central,Mbarara,Secondary,5.588312701433808,48,Female,673033,Well,Coffee,2022,Thesis,KII,0.0030548476143445686,Education increases yield
141,Western,Gulu,None,2.8599476027252875,60,Male,589031,Well,Coffee,2022,Thesis,Survey,0.0104298346627008,Education increases yield
142,Central,Mbarara,Secondary,5.475644482625775,38,Female,1362650,Well,Maize,2023,Thesis,FGD,0.021800322351831207,Education increases yield
143,Western,Kampala,Secondary,4.430640910264366,24,Female,836979,Tap,Coffee,2022,Thesis,Survey,0.04186817639485264,Education increases yield
144,Western,Gulu,Primary,0.2,48,Male,621247,River,Coffee,2024,Thesis,Survey,0.024503691960144156,Education increases yield
145,Western,Lira,None,0.49630250796739406,31,Male,1920562,Tap,Maize,2023,Thesis,Survey,0.02973176272177296,Education increases yield
146,Northern,Gulu,None,1.057961473225613,56,Male,747590,Borehole,Coffee,2022,Thesis,FGD,0.04381393580769524,Education increases yield
147,Northern,Gulu,Primary,1.6061323504951892,56,Female,1884141,River,Maize,2022,Thesis,Survey,0.01613212676585342,Education increases yield
148,Northern,Gulu,University,6.660494524513429,26,Female,1950627,Tap,Cassava,2023,Thesis,Survey,0.03533426673400074,Education increases yield
149,Central,Gulu,University,8.410067468693379,40,Female,1671904,Well,Maize,2024,Thesis,Survey,0.043221695675234414,Education increases yield
150,Western,Mbarara,Primary,0.8542234704846818,29,Female,455450,Well,Cassava,2023,Thesis,KII,0.01092816933411266,Education increases yield
151,Northern,Kampala,Primary,4.311692056119027,46,Female,1057479,Borehole,Maize,2024,Thesis,FGD,0.018467430092243792,Education increases yield
152,Northern,Arua,Primary,3.384726421754137,55,Female,303812,Borehole,Beans,2023,Thesis,KII,0.049010698520578405,Education increases yield
153,Central,Gulu,Primary,2.7682168082776957,56,Female,1449852,Borehole,Coffee,2022,Thesis,Survey,0.04917770967501434,Education increases yield
154,Northern,Lira,University,6.086383444259236,39,Male,1123591,Well,Cassava,2023,Thesis,Survey,0.011938266584402956,Education increases yield
155,Central,Gulu,Primary,1.6260496545085745,21,Male,403623,Tap,Coffee,2023,Thesis,KII,0.004255846105738778,Education increases yield
156,Eastern,Lira,Primary,0.8737822854112602,24,Male,428027,Well,Coffee,2024,Thesis,Survey,0.014275158954192593,Education increases yield
157,Northern,Mbarara,Primary,4.216765480314387,57,Female,328407,Well,Maize,2023,Thesis,KII,0.02048886590788068,Education increases yield
158,Eastern,Lira,Secondary,5.737611560074042,25,Male,721404,Well,Beans,2024,Thesis,Survey,0.022609274445627024,Education increases yield
159,Central,Arua,Primary,1.0937153714167178,52,Female,1673106,Tap,Maize,2023,Thesis,Survey,0.03132150905919076,Education increases yield
160,Western,Kampala,Secondary,3.647372005093799,26,Female,1711331,Well,Coffee,2022,Thesis,Survey,0.045075635246445776,Education increases yield
161,Northern,Lira,Primary,2.933144769231909,30,Female,1902170,Borehole,Maize,2023,Thesis,Survey,0.017187052583450962,Education increases yield
162,Central,Lira,Secondary,3.9004908618277923,56,Female,1930171,Borehole,Cassava,2022,Thesis,FGD,0.04264924223946122,Education increases yield
163,Western,Kampala,Secondary,2.2813252429681823,37,Male,1440220,Borehole,Beans,2024,Thesis,FGD,0.005580467125404718,Education increases yield
164,Western,Arua,Primary,1.8422272394443118,38,Female,1562067,Borehole,Coffee,2024,Thesis,FGD,0.0030518602496875215,Education increases yield
165,Eastern,Gulu,Secondary,6.1510342980200186,64,Male,1805701,Well,Maize,2024,Thesis,KII,0.025698213973049604,Education increases yield
166,Central,Lira,University,6.210021409585556,36,Female,1389233,Well,Cassava,2024,Thesis,KII,0.0039234489431996394,Education increases yield
167,Western,Kampala,University,6.636532663297793,19,Male,1514379,Well,Beans,2023,Thesis,KII,0.02023200026047728,Education increases yield
168,Northern,Mbarara,Secondary,3.0548225759646197,61,Female,1078193,Borehole,Maize,2023,Thesis,KII,0.044942127726592486,Education increases yield
169,Northern,Kampala,Secondary,4.787762985283749,57,Female,1778498,Tap,Maize,2023,Thesis,FGD,0.012832668774166195,Education increases yield
170,Eastern,Mbarara,University,6.915151799024583,47,Male,1365545,River,Coffee,2022,Thesis,KII,0.035592812981120256,Education increases yield
171,Western,Arua,Secondary,3.4579802584430217,40,Male,1091558,River,Cassava,2023,Thesis,KII,0.015815904227113278,Education increases yield
172,Central,Gulu,None,0.2,57,Male,1776546,River,Beans,2022,Thesis,KII,0.0032010827068646446,Education increases yield
173,Northern,Kampala,University,8.204543374010875,30,Female,925458,Tap,Maize,2022,Thesis,Survey,0.028277838489105162,Education increases yield
174,Western,Lira,Primary,0.8944565933589197,50,Female,1122156,Well,Beans,2023,Thesis,KII,0.041907821036300835,Education increases yield
175,Western,Arua,Secondary,4.703815695589555,49,Female,1204355,River,Cassava,2022,Thesis,Survey,0.02106395396878835,Education increases yield
176,Eastern,Kampala,Primary,0.3461207552884269,45,Male,1323614,River,Coffee,2024,Thesis,KII,0.03124739749644627,Education increases yield
177,Northern,Lira,None,1.9072116830123824,41,Male,1187753,Well,Coffee,2023,Thesis,KII,0.04510115628522857,Education increases yield
178,Northern,Kampala,Primary,3.4702988872600606,59,Male,1647205,River,Coffee,2023,Thesis,Survey,0.0396950311241124,Education increases yield
179,Central,Mbarara,Secondary,5.294783711639914,45,Female,221984,Well,Beans,2022,Thesis,KII,0.010499943570248145,Education increases yield
180,Northern,Kampala,Primary,2.338791531430132,47,Female,1531207,River,Beans,2023,Thesis,Survey,0.036935814008885286,Education increases yield
181,Central,Kampala,Primary,4.084003605563696,58,Male,202075,Well,Maize,2023,Thesis,KII,0.02559275823284745,Education increases yield
182,Northern,Kampala,Primary,4.807791694996068,46,Female,626766,Borehole,Cassava,2022,Thesis,KII,0.03755237358641815,Education increases yield
183,Eastern,Arua,Secondary,3.878376863954037,51,Female,285726,Tap,Cassava,2023,Thesis,Survey,0.025231261975588695,Education increases yield
184,Northern,Kampala,University,6.3489949698700725,39,Female,1608519,River,Cassava,2023,Thesis,FGD,0.00726995004130684,Education increases yield
185,Central,Lira,Secondary,4.349177260344936,42,Male,1815157,Well,Beans,2023,Thesis,Survey,0.028925562887772722,Education increases yield
186,Central,Mbarara,Secondary,3.722319854105793,31,Male,670661,Borehole,Coffee,2022,Thesis,FGD,0.025114565627469658,Education increases yield
187,Eastern,Mbarara,University,6.1761298039898795,27,Male,360284,Well,Cassava,2023,Thesis,Survey,0.02637816494843065,Education increases yield
188,Northern,Kampala,Secondary,3.6632614597584907,27,Female,1919789,River,Maize,2023,Thesis,FGD,0.044066220228647646,Education increases yield
189,Northern,Arua,Primary,4.215756008006245,25,Male,1560929,River,Beans,2023,Thesis,KII,0.04484701528860632,Education increases yield
190,Eastern,Arua,Primary,3.271881995035432,31,Male,1983847,River,Coffee,2024,Thesis,FGD,0.023223318231520202,Education increases yield
191,Northern,Lira,Primary,2.019053872741909,62,Female,1489545,River,Cassava,2023,Thesis,KII,0.023330870022724333,Education increases yield
192,Northern,Kampala,Primary,0.2,55,Female,1163468,River,Coffee,2022,Thesis,Survey,0.026244160984758187,Education increases yield
193,Central,Mbarara,Secondary,2.655535506393533,49,Female,653717,Borehole,Maize,2024,Thesis,FGD,0.02645987463837859,Education increases yield
194,Northern,Arua,Secondary,4.703429082601878,62,Female,588820,Well,Cassava,2022,Thesis,KII,0.04756897006477652,Education increases yield
195,Northern,Kampala,Primary,0.3784440586111826,49,Male,977331,Well,Cassava,2023,Thesis,Survey,0.03282062290149718,Education increases yield
196,Eastern,Arua,Secondary,4.492993527451956,20,Female,266856,River,Coffee,2023,Thesis,FGD,0.014595392749509255,Education increases yield
197,Eastern,Arua,Secondary,3.1344362751349744,37,Female,575162,Well,Beans,2023,Thesis,KII,0.027045303050745508,Education increases yield
198,Western,Mbarara,Primary,2.5918057745806733,30,Female,1764329,Borehole,Coffee,2024,Thesis,FGD,0.03173395556249116,Education increases yield
199,Central,Gulu,University,6.863856301334143,40,Female,1592243,River,Maize,2023,Thesis,FGD,0.03234881432968426,Education increases yield
200,Northern,Lira,Secondary,4.3205899338907106,36,Female,761473,Tap,Coffee,2022,Thesis,KII,0.029677457085670954,Education increases yield
201,Northern,Lira,Primary,2.1055781529214794,33,Female,400307,Borehole,Coffee,2024,Thesis,KII,0.009709071576455331,Education increases yield
202,Western,Mbarara,Secondary,3.772714374392268,53,Male,1691676,River,Cassava,2022,Thesis,Survey,0.0026460662648958664,Education increases yield
203,Northern,Arua,Secondary,3.4792095810635617,52,Male,1966794,Well,Beans,2022,Thesis,KII,0.017554309565975867,Education increases yield
204,Central,Kampala,Secondary,4.68389231724189,64,Male,1229476,Borehole,Beans,2022,Thesis,KII,0.021948585573452428,Education increases yield
205,Western,Arua,Secondary,5.0051926747809485,64,Male,1342321,River,Beans,2022,Thesis,FGD,0.004028407739228244,Education increases yield
206,Central,Mbarara,Secondary,2.981027477463874,24,Female,1706118,Well,Beans,2022,Thesis,KII,0.04093339956297246,Education increases yield
207,Western,Lira,Secondary,4.148371527707731,54,Female,1812194,Well,Coffee,2023,Thesis,FGD,0.017859794438003417,Education increases yield
208,Western,Arua,Primary,2.696582073487738,25,Female,1497885,River,Cassava,2022,Thesis,FGD,0.04576800456274673,Education increases yield
209,Eastern,Lira,Primary,2.683771134623042,42,Male,523150,Borehole,Cassava,2022,Thesis,KII,0.008566095284270993,Education increases yield
210,Central,Kampala,None,1.3667696195965178,40,Female,1953063,River,Beans,2023,Thesis,KII,0.003789812889928358,Education increases yield
211,Northern,Lira,Secondary,3.797965189654776,27,Female,1271123,River,Coffee,2024,Thesis,KII,0.02463348911492977,Education increases yield
212,Northern,Lira,Primary,2.779030425462539,47,Female,485083,River,Beans,2023,Thesis,KII,0.010267337504459625,Education increases yield
213,Central,Gulu,University,7.41802871098362,50,Female,541882,River,Beans,2024,Thesis,Survey,0.0469325645033152,Education increases yield
214,Northern,Gulu,Secondary,4.341036655822564,28,Male,556900,River,Cassava,2022,Thesis,FGD,0.0015048665242332088,Education increases yield
215,Northern,Gulu,University,7.305939836533724,52,Female,1991234,Well,Cassava,2023,Thesis,Survey,0.021218364077892717,Education increases yield
216,Central,Lira,University,7.790353411037507,44,Female,667548,River,Beans,2024,Thesis,Survey,0.04641064079591325,Education increases yield
217,Western,Mbarara,University,4.949059642104732,20,Female,857082,Borehole,Coffee,2024,Thesis,FGD,0.01983649212975865,Education increases yield
218,Central,Lira,University,7.743463841865367,64,Male,1160868,Tap,Beans,2023,Thesis,Survey,0.005562354749422577,Education increases yield
219,Western,Mbarara,Secondary,4.542427765221275,25,Female,1623560,River,Cassava,2023,Thesis,KII,0.015841852200227567,Education increases yield
220,Northern,Mbarara,Secondary,3.0883746722612733,30,Female,1784538,Borehole,Cassava,2023,Thesis,KII,0.025402509297887243,Education increases yield
221,Northern,Gulu,Primary,3.3024708823196884,59,Female,576095,Tap,Coffee,2023,Thesis,KII,0.010072432679823322,Education increases yield
222,Northern,Arua,Primary,2.1016790939760384,20,Female,1640815,Borehole,Beans,2023,Thesis,KII,0.023861523552019835,Education increases yield
223,Eastern,Kampala,Secondary,3.938033563681447,37,Female,322225,Well,Beans,2022,Thesis,FGD,0.04198081659350604,Education increases yield
224,Western,Gulu,Secondary,3.692320217534338,63,Female,1644070,Well,Maize,2022,Thesis,KII,0.04375828053963404,Education increases yield
225,Eastern,Gulu,Primary,2.8023988442382244,62,Female,1414766,Tap,Beans,2023,Thesis,FGD,0.0034137760008258735,Education increases yield
226,Eastern,Arua,Secondary,3.414646857487947,52,Male,400231,Tap,Coffee,2023,Thesis,FGD,0.008884264544576102,Education increases yield
227,Central,Kampala,University,7.701474629947786,30,Male,1648322,Tap,Cassava,2022,Thesis,FGD,0.014489216652573404,Education increases yield
228,Eastern,Lira,Secondary,4.061137412805328,37,Female,774154,Well,Maize,2024,Thesis,FGD,0.03014842669349249,Education increases yield
229,Central,Lira,Secondary,3.835797516512063,41,Female,1067955,Well,Coffee,2022,Thesis,Survey,0.01868874318083089,Education increases yield
230,Central,Gulu,University,7.55287567761397,26,Male,1118428,Borehole,Coffee,2023,Thesis,Survey,0.0423580047588577,Education increases yield
231,Eastern,Kampala,University,6.48044323768092,47,Male,1792410,Well,Maize,2024,Thesis,KII,0.03611692154586395,Education increases yield
232,Western,Gulu,Secondary,5.1481768253623015,42,Male,1039737,Tap,Beans,2023,Thesis,FGD,0.005922345132561902,Education increases yield
233,Western,Mbarara,University,7.779592950840866,33,Male,302833,River,Maize,2024,Thesis,KII,0.031603317623092465,Education increases yield
234,Western,Gulu,University,5.465196161781023,25,Female,1195310,River,Coffee,2023,Thesis,KII,0.006537618642001943,Education increases yield
235,Western,Gulu,University,7.9092602022229235,61,Female,350025,Tap,Beans,2022,Thesis,KII,0.013496747812186544,Education increases yield
236,Western,Lira,Primary,1.0379640284981144,45,Female,890943,Well,Cassava,2023,Thesis,KII,0.009715661043177174,Education increases yield
237,Eastern,Lira,Secondary,5.371580526882511,29,Female,419964,Tap,Maize,2022,Thesis,FGD,0.009480035510834543,Education increases yield
238,Eastern,Lira,Primary,4.528357192230239,41,Female,1508408,Well,Coffee,2024,Thesis,FGD,0.031203380714066104,Education increases yield
239,Northern,Mbarara,None,2.0748344382691313,46,Male,925474,River,Beans,2022,Thesis,Survey,0.028616641205153916,Education increases yield
240,Western,Lira,Secondary,2.043019355300327,32,Male,1511608,Borehole,Coffee,2024,Thesis,FGD,0.009625379486598619,Education increases yield
241,Eastern,Kampala,Secondary,5.263565719386019,35,Male,1074300,Well,Beans,2023,Thesis,FGD,0.04951846746550316,Education increases yield
242,Northern,Arua,University,9.0,24,Male,1465046,Borehole,Beans,2022,Thesis,KII,0.021669999886046398,Education increases yield
243,Western,Kampala,Primary,2.196968359001971,30,Male,285509,River,Maize,2024,Thesis,FGD,0.005756397079591895,Education increases yield
244,Central,Kampala,University,6.76529667997011,36,Female,1884810,Borehole,Cassava,2024,Thesis,KII,0.006907881830800641,Education increases yield
245,Northern,Lira,Secondary,3.011513278073568,60,Male,1757738,Borehole,Beans,2024,Thesis,FGD,0.02961079197260314,Education increases yield
246,Eastern,Arua,Secondary,4.51207941881967,22,Male,1009842,Tap,Coffee,2024,Thesis,Survey,0.04897440076579017,Education increases yield
247,Central,Arua,University,8.069177182543129,43,Female,1781466,Borehole,Beans,2023,Thesis,KII,0.029025603979340696,Education increases yield
248,Central,Arua,Secondary,4.897737128149454,19,Female,1267190,River,Cassava,2023,Thesis,FGD,0.04750303235421523,Education increases yield
249,Central,Mbarara,Primary,5.641966977287799,50,Female,1108574,Well,Coffee,2023,Thesis,FGD,0.022762509687143315,Education increases yield
250,Northern,Lira,University,6.8330270429657975,54,Female,1635805,Borehole,Beans,2024,Thesis,KII,0.02235621407894859,Education increases yield
251,Eastern,Arua,Primary,0.8693266325847357,42,Female,1247874,Well,Beans,2023,Thesis,Survey,0.025500360606478232,Education increases yield
252,Central,Mbarara,None,1.370970971568219,42,Male,1267020,Tap,Maize,2024,Thesis,Survey,0.03517384744962221,Education increases yield
253,Western,Gulu,University,4.38354823478751,56,Female,1563770,River,Cassava,2024,Thesis,FGD,0.0190131823561153,Education increases yield
254,Central,Gulu,Primary,1.9668960751354865,47,Female,1316725,River,Beans,2024,Thesis,FGD,0.0433304156012689,Education increases yield
255,Central,Mbarara,Secondary,5.824382058600213,58,Male,1894567,Well,Cassava,2022,Thesis,FGD,0.0024347878536391653,Education increases yield
256,Northern,Mbarara,Primary,2.8251336486317715,21,Male,1094740,River,Beans,2023,Thesis,KII,0.022548445556393674,Education increases yield
257,Northern,Lira,University,6.979416812831269,36,Female,1599338,Tap,Coffee,2023,Thesis,KII,0.02603860064901598,Education increases yield
258,Eastern,Lira,Primary,4.320780376715357,44,Female,1365066,Well,Cassava,2022,Thesis,KII,0.030744579674891713,Education increases yield
259,Western,Gulu,University,6.52940010833663,64,Male,1293442,River,Coffee,2022,Thesis,FGD,0.0145275237059273,Education increases yield
260,Northern,Arua,Secondary,5.4618204129341095,56,Female,659429,Tap,Cassava,2022,Thesis,Survey,0.021946518578305933,Education increases yield
261,Central,Gulu,Primary,2.6293069751663403,41,Female,1194142,Tap,Coffee,2022,Thesis,KII,0.024742349760488776,Education increases yield
262,Eastern,Arua,Secondary,4.580047463459026,54,Female,1961175,Borehole,Beans,2024,Thesis,Survey,0.03465858895547745,Education increases yield
263,Central,Arua,University,5.582695144136987,42,Female,843689,River,Coffee,2023,Thesis,FGD,0.038903665052054885,Education increases yield
264,Central,Lira,Secondary,3.717953205171783,46,Female,830322,Well,Coffee,2023,Thesis,KII,0.03715353903984558,Education increases yield
265,Northern,Kampala,Primary,1.1024817671561264,48,Male,1816075,Borehole,Beans,2023,Thesis,KII,0.017737569562189682,Education increases yield
266,Eastern,Kampala,Secondary,4.104754921774655,62,Male,596220,Well,Cassava,2024,Thesis,KII,0.04997307562660622,Education increases yield
267,Western,Mbarara,Secondary,4.590402343916267,52,Female,263789,Borehole,Coffee,2023,Thesis,FGD,0.04258460027757179,Education increases yield
268,Western,Lira,Secondary,3.089961894908548,45,Female,1323098,Tap,Maize,2022,Thesis,FGD,0.013741145284103477,Education increases yield
269,Northern,Arua,Secondary,6.249178922684823,55,Male,788372,Borehole,Maize,2023,Thesis,FGD,0.01056018447796855,Education increases yield
270,Northern,Kampala,Secondary,4.478106019091961,61,Male,1871896,Borehole,Coffee,2023,Thesis,Survey,0.016387041278586135,Education increases yield
271,Eastern,Arua,Primary,2.5577955855852195,21,Male,1536989,Borehole,Coffee,2024,Thesis,Survey,0.0231648977969826,Education increases yield
272,Western,Kampala,Secondary,4.9696577513456255,45,Female,279709,River,Coffee,2022,Thesis,KII,0.04268916953766108,Education increases yield
273,Western,Kampala,Secondary,3.3710719191340783,48,Male,313145,Borehole,Cassava,2022,Thesis,KII,0.03913975092593219,Education increases yield
274,Western,Kampala,Primary,2.663477479167453,40,Female,745406,Tap,Beans,2022,Thesis,FGD,0.04271106005178793,Education increases yield
275,Central,Lira,University,6.0831337796424085,31,Female,953854,Well,Maize,2023,Thesis,FGD,0.014325898630606095,Education increases yield
276,Western,Gulu,Secondary,5.758679910088983,45,Female,476233,River,Maize,2022,Thesis,FGD,0.030079599900139975,Education increases yield
277,Central,Arua,Secondary,3.141360650602919,31,Female,1106114,Tap,Cassava,2022,Thesis,KII,0.01487920405159135,Education increases yield
278,Eastern,Lira,University,6.863165459307173,18,Female,1291532,River,Coffee,2023,Thesis,FGD,0.0063421348752551645,Education increases yield
279,Central,Lira,Secondary,4.529315785151776,60,Male,963963,Well,Coffee,2024,Thesis,Survey,0.034525689430259354,Education increases yield
280,Eastern,Lira,University,7.1948257444077015,49,Male,1203290,Well,Beans,2023,Thesis,Survey,0.008006880008576502,Education increases yield
281,Western,Lira,Secondary,3.618764826917168,58,Male,803514,Well,Beans,2024,Thesis,KII,0.0337171903236171,Education increases yield
282,Western,Lira,None,0.3044905978549022,35,Male,1881469,River,Maize,2024,Thesis,KII,0.03275025094036505,Education increases yield
283,Eastern,Mbarara,Secondary,3.633204826953901,22,Female,959703,River,Beans,2022,Thesis,Survey,0.04070217377677684,Education increases yield
284,Northern,Arua,Secondary,4.728325434210283,59,Male,1091181,Well,Maize,2022,Thesis,FGD,0.007838175623614656,Education increases yield
285,Eastern,Lira,Secondary,4.056154229088037,32,Male,569277,Well,Cassava,2023,Thesis,KII,0.039390527276931736,Education increases yield
286,Northern,Arua,Primary,3.2962088084525214,59,Male,1187085,Tap,Coffee,2024,Thesis,KII,0.04996454977136562,Education increases yield
287,Central,Mbarara,Primary,2.977003719395073,33,Male,1376550,Well,Coffee,2023,Thesis,KII,0.04270107998070921,Education increases yield
288,Central,Mbarara,Primary,0.22308730190039228,53,Male,1762795,Borehole,Maize,2022,Thesis,Survey,0.037838791740055645,Education increases yield
289,Central,Arua,Primary,2.747497796837211,53,Male,1581880,River,Coffee,2024,Thesis,KII,0.03344610238004068,Education increases yield
290,Western,Kampala,Secondary,6.45045476781627,57,Female,1292355,Tap,Cassava,2022,Thesis,Survey,0.021667292749586044,Education increases yield
291,Central,Gulu,Primary,3.8252690510383314,47,Female,1400143,River,Beans,2022,Thesis,Survey,0.03679450822668851,Education increases yield
292,Northern,Kampala,Secondary,4.6220131607069685,55,Male,1026034,Well,Cassava,2022,Thesis,FGD,0.03648472372188221,Education increases yield
293,Central,Kampala,Secondary,3.140607869530056,40,Female,1432751,Borehole,Coffee,2024,Thesis,FGD,0.03194341585167713,Education increases yield
294,Eastern,Kampala,Secondary,4.677553716125646,28,Female,942500,Well,Cassava,2024,Thesis,FGD,0.040017640536593596,Education increases yield
295,Eastern,Lira,University,7.539749939878259,42,Female,1251823,River,Coffee,2022,Thesis,KII,0.0229894305329149,Education increases yield
296,Western,Mbarara,Secondary,3.946253319172416,62,Female,1430016,Tap,Maize,2024,Thesis,Survey,0.006941382894487142,Education increases yield
297,Eastern,Kampala,Secondary,4.516742058804438,60,Female,855300,River,Beans,2022,Thesis,KII,0.028394318652852635,Education increases yield
298,Northern,Mbarara,Secondary,5.709662458396041,19,Male,1172748,Tap,Beans,2022,Thesis,Survey,0.013987132906855788,Education increases yield
299,Central,Arua,Primary,1.6427255802582743,52,Female,830572,Borehole,Coffee,2022,Thesis,KII,0.01983722177402836,Education increases yield
300,Western,Gulu,University,5.741700395040873,64,Female,1667266,Well,Coffee,2024,Thesis,Survey,0.0018533302931200753,Education increases yield
301,Central,Arua,Primary,3.1926993259942127,41,Male,1182288,Well,Beans,2023,Thesis,FGD,0.019756738807976286,Education increases yield
302,Central,Arua,None,1.6575426361980803,30,Female,598802,Borehole,Cassava,2023,Thesis,FGD,0.04063125420063728,Education increases yield
303,Northern,Lira,Secondary,5.228838295412812,59,Female,1566948,River,Cassava,2024,Thesis,KII,0.027593395979974487,Education increases yield
304,Eastern,Gulu,None,1.7697938119037695,54,Male,1518660,Borehole,Cassava,2024,Thesis,Survey,0.0014802258197645812,Education increases yield
305,Eastern,Arua,University,6.232244936825806,47,Female,480750,Well,Beans,2022,Thesis,FGD,0.02402234719175252,Education increases yield
306,Central,Arua,Secondary,4.632192651465405,28,Male,832041,Tap,Maize,2022,Thesis,Survey,0.015281130734624965,Education increases yield
307,Western,Gulu,University,5.657873456703826,40,Female,502891,Well,Coffee,2023,Thesis,KII,0.024399982114461385,Education increases yield
308,Eastern,Gulu,Secondary,3.9496812882670063,63,Female,1706519,River,Coffee,2022,Thesis,FGD,0.020829943350945977,Education increases yield
309,Western,Arua,Secondary,4.702799230966404,45,Male,1938218,Tap,Beans,2023,Thesis,KII,0.046666981758311694,Education increases yield
310,Eastern,Gulu,University,6.43948578327611,46,Female,1044192,River,Maize,2023,Thesis,KII,0.0030176876491877745,Education increases yield
311,Western,Arua,Primary,4.968052182229827,32,Male,1772598,Well,Beans,2024,Thesis,Survey,0.034495812552814684,Education increases yield
312,Northern,Arua,University,4.907815751176333,62,Female,966402,Well,Cassava,2024,Thesis,KII,0.04270030321878533,Education increases yield
313,Western,Lira,Primary,1.9525096430011892,20,Female,1251459,Tap,Cassava,2024,Thesis,KII,0.0480026906478733,Education increases yield
314,Northern,Kampala,Secondary,3.26222016613009,26,Female,1678386,River,Coffee,2023,Thesis,Survey,0.009704175100670499,Education increases yield
315,Northern,Arua,Primary,1.7996511925420466,25,Female,1999967,Tap,Coffee,2024,Thesis,Survey,0.027033935296343504,Education increases yield
316,Western,Mbarara,Secondary,3.5570017765191215,64,Male,409175,Tap,Coffee,2023,Thesis,KII,0.003135889288543384,Education increases yield
317,Northern,Kampala,Primary,1.1735793131410068,50,Female,1842739,River,Coffee,2024,Thesis,FGD,0.02545999269829934,Education increases yield
318,Central,Kampala,University,7.552702148572627,51,Female,1132930,Tap,Cassava,2023,Thesis,FGD,0.007147446387508114,Education increases yield
319,Northern,Kampala,University,6.2529047026128985,26,Male,347558,Borehole,Cassava,2022,Thesis,Survey,0.042056937060236964,Education increases yield
320,Eastern,Lira,University,6.963573335588655,34,Male,276085,Tap,Maize,2022,Thesis,KII,0.006579630127662877,Education increases yield
321,Western,Arua,Primary,2.065174238089755,58,Male,990425,Well,Coffee,2023,Thesis,FGD,0.02615112965893827,Education increases yield
322,Central,Lira,Secondary,3.5091195877137906,18,Female,605435,River,Beans,2023,Thesis,Survey,0.026533707380644936,Education increases yield
323,Western,Arua,Secondary,5.872279236086849,57,Male,1514428,Well,Maize,2022,Thesis,Survey,0.04861087439864867,Education increases yield
324,Eastern,Lira,Primary,3.422932182209408,22,Male,228788,Borehole,Maize,2023,Thesis,Survey,0.03309405400790552,Education increases yield
325,Eastern,Lira,Primary,0.6317996000448551,47,Male,201495,Borehole,Cassava,2023,Thesis,KII,0.015104174360763296,Education increases yield
326,Eastern,Mbarara,Secondary,2.2258625516641133,28,Male,950330,Tap,Coffee,2022,Thesis,Survey,0.012799166186968785,Education increases yield
327,Northern,Lira,Secondary,5.242608835636487,45,Female,1677952,Well,Maize,2023,Thesis,FGD,0.00728416207660818,Education increases yield
328,Northern,Gulu,Secondary,3.6801466084512464,55,Female,834290,Tap,Coffee,2024,Thesis,KII,0.03806922147840392,Education increases yield
329,Western,Mbarara,Secondary,2.5509176660657777,34,Female,1387185,Tap,Cassava,2022,Thesis,FGD,0.03484707615293459,Education increases yield
330,Western,Lira,None,2.245735132540341,40,Male,366625,Well,Maize,2024,Thesis,FGD,0.030883979238097194,Education increases yield
331,Central,Kampala,None,1.3691240500990902,35,Male,877563,Borehole,Maize,2023,Thesis,FGD,0.0030011817045494287,Education increases yield
332,Central,Gulu,None,1.4515710848323196,54,Male,1111546,Borehole,Beans,2023,Thesis,KII,0.038378614453320435,Education increases yield
333,Western,Gulu,University,7.609539272005907,44,Female,1629067,Borehole,Cassava,2024,Thesis,FGD,0.03245249128027548,Education increases yield
334,Northern,Gulu,None,0.2,42,Male,1057556,River,Beans,2023,Thesis,Survey,0.048230554537413935,Education increases yield
335,Eastern,Mbarara,Primary,0.8684991786158354,22,Male,949204,River,Cassava,2023,Thesis,Survey,0.029772904363963792,Education increases yield
336,Western,Lira,Primary,4.0809542949032025,36,Female,565250,Tap,Beans,2024,Thesis,FGD,0.015893643426423697,Education increases yield
337,Central,Lira,University,5.362833239257707,44,Female,237659,River,Cassava,2023,Thesis,Survey,0.019694507057276694,Education increases yield
338,Northern,Kampala,University,5.577762202924436,30,Female,1097496,River,Cassava,2022,Thesis,KII,0.009616194563533392,Education increases yield
339,Western,Kampala,Secondary,3.177564620454234,24,Female,526187,Well,Maize,2024,Thesis,KII,0.036422794927867874,Education increases yield
340,Western,Gulu,Secondary,6.279945923690523,43,Female,678653,Tap,Beans,2024,Thesis,Survey,0.03567836134106454,Education increases yield
341,Northern,Kampala,Secondary,4.693383300411523,31,Male,1515497,Tap,Beans,2024,Thesis,Survey,0.010831850758406137,Education increases yield
342,Western,Mbarara,None,2.16540797443538,44,Male,925085,Well,Beans,2024,Thesis,KII,0.008765976835931652,Education increases yield
343,Northern,Lira,University,6.996167545578729,25,Male,901151,Borehole,Maize,2022,Thesis,FGD,0.004773241726907535,Education increases yield
344,Eastern,Gulu,Secondary,3.5981127887987667,48,Female,1861717,Well,Coffee,2024,Thesis,KII,0.04568681144040617,Education increases yield
345,Northern,Kampala,Secondary,4.8312912832601675,52,Female,451897,Borehole,Cassava,2024,Thesis,FGD,0.012420421851047705,Education increases yield
346,Northern,Mbarara,Secondary,2.6433840292031965,44,Female,1508709,Tap,Beans,2023,Thesis,Survey,0.017864012810838395,Education increases yield
347,Northern,Mbarara,Secondary,3.1047165479035055,21,Female,1935437,Tap,Cassava,2024,Thesis,Survey,0.014744720910497042,Education increases yield
348,Western,Kampala,Secondary,4.932975179261481,59,Male,325409,River,Maize,2023,Thesis,FGD,0.02126760552792876,Education increases yield
349,Western,Lira,University,5.44274476917322,21,Male,265258,River,Cassava,2024,Thesis,FGD,0.03598839116974169,Education increases yield
350,Northern,Kampala,University,6.610918530838126,35,Male,1107374,Well,Maize,2024,Thesis,KII,0.043659186052587944,Education increases yield
351,Western,Gulu,Secondary,4.056487655644588,40,Male,677049,River,Coffee,2022,Thesis,FGD,0.009947338726898469,Education increases yield
352,Central,Kampala,Secondary,3.6713379966628383,49,Male,1849049,Tap,Beans,2023,Thesis,Survey,0.03463420484331709,Education increases yield
353,Central,Mbarara,None,0.2,29,Male,1272295,Tap,Maize,2022,Thesis,Survey,0.018275544969881773,Education increases yield
354,Western,Kampala,Secondary,3.5710711088113074,37,Male,1622901,Borehole,Cassava,2023,Thesis,Survey,0.04904583124656735,Education increases yield
355,Western,Lira,None,0.3750316230675145,64,Male,1902284,River,Maize,2024,Thesis,FGD,0.015647038804919768,Education increases yield
356,Northern,Arua,Secondary,4.361439863287699,62,Female,790974,Borehole,Maize,2022,Thesis,FGD,0.001352454844385138,Education increases yield
357,Eastern,Kampala,University,6.910490538699468,29,Male,1459485,Tap,Coffee,2023,Thesis,Survey,0.026266358726972416,Education increases yield
358,Western,Lira,Secondary,4.5779614599368745,25,Male,359506,River,Beans,2023,Thesis,FGD,0.00838582312952095,Education increases yield
359,Central,Lira,Secondary,3.5240137270256024,39,Female,957801,Borehole,Maize,2022,Thesis,KII,0.003180226914101556,Education increases yield
360,Northern,Mbarara,Primary,3.022777950465892,44,Female,744808,Tap,Maize,2023,Thesis,KII,0.03521519236543772,Education increases yield
361,Western,Lira,Primary,0.9439932672263169,58,Male,1567601,Borehole,Cassava,2024,Thesis,FGD,0.03688070484291437,Education increases yield
362,Central,Lira,Secondary,2.3780952673476463,58,Male,1119014,River,Maize,2023,Thesis,FGD,0.023574251642708627,Education increases yield
363,Central,Lira,Primary,0.2,34,Female,490690,Borehole,Maize,2024,Thesis,Survey,0.034167390321072286,Education increases yield
364,Eastern,Lira,Primary,2.0007027604280028,49,Female,476126,Borehole,Beans,2023,Thesis,FGD,0.02737373296410956,Education increases yield
365,Northern,Gulu,Secondary,3.4467017756614426,50,Female,1842315,Tap,Beans,2022,Thesis,Survey,0.031860254278374654,Education increases yield
366,Northern,Gulu,Secondary,4.9893156118546,48,Male,1205749,River,Cassava,2024,Thesis,KII,0.0302384946862101,Education increases yield
367,Eastern,Mbarara,Secondary,3.5513374129511304,23,Female,1792500,Well,Maize,2023,Thesis,FGD,0.033625315438724025,Education increases yield
368,Eastern,Kampala,None,1.4733763479442672,56,Male,429292,Well,Maize,2024,Thesis,KII,0.010781901784985393,Education increases yield
369,Northern,Lira,Secondary,5.013296576583077,26,Female,457701,Borehole,Maize,2022,Thesis,FGD,0.014166624381798311,Education increases yield
370,Northern,Kampala,Secondary,3.5136809243508846,59,Male,913447,Tap,Coffee,2023,Thesis,FGD,0.02255819432587691,Education increases yield
371,Western,Kampala,Secondary,4.498052210107176,49,Female,1390605,River,Coffee,2023,Thesis,Survey,0.022860272461540137,Education increases yield
372,Western,Mbarara,Secondary,5.201927548955195,53,Male,1547426,Tap,Cassava,2024,Thesis,Survey,0.03894617386775831,Education increases yield
373,Eastern,Lira,Primary,1.2618372251944328,33,Female,841487,River,Coffee,2022,Thesis,FGD,0.019002289302247073,Education increases yield
374,Western,Lira,Secondary,4.224852338244644,29,Female,1610097,Tap,Cassava,2022,Thesis,FGD,0.008962752646899937,Education increases yield
375,Central,Arua,Secondary,3.517965616800686,58,Male,787159,Well,Maize,2023,Thesis,Survey,0.013321832554062718,Education increases yield
376,Western,Kampala,University,5.625510117506861,20,Male,330448,Well,Coffee,2024,Thesis,KII,0.01152194161682719,Education increases yield
377,Western,Kampala,Secondary,2.6635482595097715,44,Male,1243601,Well,Beans,2023,Thesis,FGD,0.03685134094354508,Education increases yield
378,Central,Gulu,Secondary,3.0093514278213,44,Female,1834601,Tap,Coffee,2023,Thesis,Survey,0.024046641116673123,Education increases yield
379,Eastern,Arua,Secondary,4.2600290057520125,26,Female,1480144,Tap,Maize,2024,Thesis,FGD,0.03572290420057819,Education increases yield
380,Central,Gulu,Secondary,2.5891555444382535,34,Female,1813839,Borehole,Beans,2022,Thesis,Survey,0.021394764357123723,Education increases yield
381,Western,Gulu,University,6.249272975911363,63,Female,1354263,Well,Cassava,2023,Thesis,KII,0.04459704452269136,Education increases yield
382,Eastern,Gulu,Secondary,5.0131944068528975,22,Female,1145633,Borehole,Maize,2023,Thesis,FGD,0.049192495078414,Education increases yield
383,Western,Mbarara,Secondary,4.649010963418936,43,Male,762227,Tap,Beans,2024,Thesis,FGD,0.03382228292642797,Education increases yield
384,Central,Mbarara,Secondary,3.669492377061843,38,Male,732586,River,Coffee,2024,Thesis,KII,0.043326815304574724,Education increases yield
385,Central,Gulu,Secondary,5.889690413358724,18,Female,1891866,Well,Cassava,2023,Thesis,FGD,0.025888730091431073,Education increases yield
386,Western,Arua,Secondary,6.093036413911661,18,Female,919782,Well,Coffee,2022,Thesis,FGD,0.04679642117734149,Education increases yield
387,Northern,Kampala,University,6.8261224315397255,52,Male,1255056,Well,Beans,2024,Thesis,FGD,0.04174773779796857,Education increases yield
388,Northern,Arua,Secondary,1.731457084115692,26,Female,966322,Well,Beans,2023,Thesis,Survey,0.04959715001653592,Education increases yield
389,Central,Lira,Secondary,5.08644819701626,40,Male,1177893,Well,Maize,2022,Thesis,Survey,0.03153159303106125,Education increases yield
390,Central,Mbarara,University,4.506023659966415,55,Male,1252925,Tap,Cassava,2024,Thesis,FGD,0.039181130273143204,Education increases yield
391,Northern,Kampala,None,2.676146110720066,58,Male,1315540,Well,Cassava,2024,Thesis,KII,0.027600538858932464,Education increases yield
392,Northern,Kampala,Primary,3.5835849007422986,21,Male,763779,Well,Beans,2023,Thesis,KII,0.013696885109299721,Education increases yield
393,Western,Lira,Primary,4.274212504138021,36,Male,1635608,Borehole,Maize,2024,Thesis,FGD,0.01838300338535813,Education increases yield
394,Western,Lira,University,7.0602655583677265,54,Female,1950714,River,Beans,2023,Thesis,Survey,0.044806265321834494,Education increases yield
395,Northern,Gulu,None,0.838614232818162,22,Male,1075131,Well,Beans,2024,Thesis,Survey,0.003741449383332408,Education increases yield
396,Western,Mbarara,None,0.7498988663097761,45,Female,883037,Borehole,Cassava,2022,Thesis,FGD,0.029982514417646003,Education increases yield
397,Western,Mbarara,None,0.6537398289691029,63,Male,1869304,Tap,Coffee,2022,Thesis,Survey,0.019251717592701327,Education increases yield
398,Eastern,Arua,None,2.1810686536747026,59,Female,459360,Borehole,Coffee,2024,Thesis,Survey,0.01994793436227223,Education increases yield
399,Western,Gulu,None,1.912271489505878,40,Male,1853209,Well,Cassava,2023,Thesis,KII,0.0443439891142746,Education increases yield
400,Central,Gulu,Secondary,4.320225633434213,55,Female,344344,Borehole,Maize,2024,Thesis,FGD,0.042837296352765106,Education increases yield
401,Western,Gulu,Secondary,3.477818692073028,40,Female,1391476,Borehole,Cassava,2023,Thesis,Survey,0.030343276403050966,Education increases yield
402,Western,Gulu,Primary,5.129212631300273,63,Male,1293007,Tap,Maize,2024,Thesis,Survey,0.014373023522812362,Education increases yield
403,Northern,Mbarara,Primary,3.4123746139628697,35,Male,1649648,Borehole,Cassava,2022,Thesis,Survey,0.024297360961939178,Education increases yield
404,Central,Mbarara,None,0.2,46,Male,1784087,Tap,Maize,2023,Thesis,FGD,0.021006376295671588,Education increases yield
405,Western,Gulu,Primary,1.983743984062873,45,Female,1239492,Tap,Beans,2022,Thesis,FGD,0.01832728343092227,Education increases yield
406,Western,Arua,Secondary,5.131776097408705,26,Male,1025845,Borehole,Beans,2022,Thesis,Survey,0.006036493349307525,Education increases yield
407,Eastern,Kampala,Secondary,3.400461078767316,56,Male,256822,Well,Maize,2022,Thesis,KII,0.0276125804490507,Education increases yield
408,Western,Kampala,None,1.5515479588258887,27,Female,759977,River,Cassava,2024,Thesis,KII,0.015789733595849696,Education increases yield
409,Western,Arua,Secondary,5.1507963003361485,19,Male,666918,Borehole,Beans,2023,Thesis,FGD,0.0333795892034489,Education increases yield
410,Eastern,Gulu,Primary,0.2,30,Male,1173900,Borehole,Cassava,2022,Thesis,KII,0.01664099285545101,Education increases yield
411,Northern,Mbarara,University,6.69196230021075,55,Female,999069,Borehole,Coffee,2023,Thesis,Survey,0.022127011163605288,Education increases yield
412,Western,Kampala,Secondary,4.131209153565122,44,Male,1770875,River,Beans,2023,Thesis,FGD,0.003565658335525969,Education increases yield
413,Eastern,Lira,Secondary,3.7879275443162106,58,Female,901894,River,Cassava,2022,Thesis,FGD,0.04963436542536841,Education increases yield
414,Central,Lira,Primary,2.801695134946041,37,Male,669456,Tap,Cassava,2024,Thesis,KII,0.02587290878048362,Education increases yield
415,Northern,Arua,University,7.4575196074958745,57,Female,1060470,River,Coffee,2022,Thesis,FGD,0.002187642114044468,Education increases yield
416,Central,Gulu,None,1.3420509443246091,27,Female,248068,River,Cassava,2022,Thesis,KII,0.027520302279296062,Education increases yield
417,Central,Kampala,Primary,2.126172605950568,33,Male,1610345,Borehole,Maize,2023,Thesis,KII,0.04364734596597684,Education increases yield
418,Eastern,Gulu,Primary,3.1326212997842697,32,Female,1424004,Tap,Beans,2024,Thesis,Survey,0.03885505457904393,Education increases yield
419,Western,Kampala,Primary,2.549053409274357,30,Male,548439,Well,Maize,2023,Thesis,KII,0.03534442752234326,Education increases yield
420,Eastern,Arua,University,6.569299586804521,55,Female,870406,Tap,Coffee,2024,Thesis,KII,0.007833768075352712,Education increases yield
421,Eastern,Arua,Secondary,2.887720614661081,37,Female,717062,River,Maize,2022,Thesis,FGD,0.03322911687038615,Education increases yield
422,Eastern,Lira,Primary,0.9373452147339216,41,Male,749558,River,Cassava,2024,Thesis,Survey,0.03854862052260076,Education increases yield
423,Eastern,Gulu,Secondary,2.86877020728593,58,Male,843981,Borehole,Coffee,2023,Thesis,Survey,0.029048534134309335,Education increases yield
424,Northern,Lira,University,7.078329061220215,24,Male,1324918,Well,Coffee,2022,Thesis,KII,0.04474470122149723,Education increases yield
425,Western,Gulu,University,6.720921252393648,40,Female,437838,Well,Maize,2024,Thesis,FGD,0.014572499307459387,Education increases yield
426,Central,Lira,Secondary,2.719715901792537,41,Male,582468,Well,Coffee,2024,Thesis,FGD,0.012865090287223279,Education increases yield
427,Central,Mbarara,University,7.445917825793811,46,Female,762276,River,Maize,2023,Thesis,FGD,0.04360891750218966,Education increases yield
428,Western,Mbarara,University,8.174309513179095,22,Female,324291,River,Maize,2024,Thesis,Survey,0.03164451390658117,Education increases yield
429,Central,Mbarara,Secondary,3.6015063832836645,60,Male,459357,Tap,Maize,2022,Thesis,Survey,0.001070913805528967,Education increases yield
430,Western,Mbarara,None,0.2,62,Female,1038611,River,Coffee,2024,Thesis,KII,0.018303439017041574,Education increases yield
431,Central,Kampala,Secondary,3.4908736150980877,52,Male,760180,Well,Coffee,2023,Thesis,KII,0.043034943304919054,Education increases yield
432,Eastern,Mbarara,University,7.654460626794694,18,Female,316441,Well,Beans,2024,Thesis,FGD,0.002338656070445421,Education increases yield
433,Central,Arua,Primary,3.048529858534774,53,Male,622728,Well,Maize,2022,Thesis,KII,0.0011591484848139351,Education increases yield
434,Western,Arua,University,5.877567313988521,35,Female,1438813,Borehole,Maize,2022,Thesis,FGD,0.01478170523573136,Education increases yield
435,Western,Kampala,Primary,4.021172137764742,23,Female,568634,Tap,Maize,2024,Thesis,Survey,0.04578600181345462,Education increases yield
436,Western,Mbarara,None,2.5482800659263987,40,Male,1384747,Tap,Maize,2024,Thesis,KII,0.045172401492030806,Education increases yield
437,Western,Mbarara,Primary,1.766993936723359,27,Female,1564207,River,Maize,2022,Thesis,FGD,0.02641933534427389,Education increases yield
438,Western,Mbarara,None,0.45670999703503323,24,Female,295847,Borehole,Maize,2023,Thesis,Survey,0.02810860668584151,Education increases yield
439,Northern,Lira,University,6.2071720626205105,61,Female,405160,Tap,Maize,2022,Thesis,FGD,0.017268392554542253,Education increases yield
440,Northern,Gulu,University,6.292667224611454,25,Female,1194667,Borehole,Beans,2024,Thesis,KII,0.012943096439362683,Education increases yield
441,Central,Lira,University,7.750538007928443,30,Female,1339421,Borehole,Beans,2024,Thesis,FGD,0.0409458708563938,Education increases yield
442,Western,Gulu,Secondary,4.625329060476594,47,Male,512147,River,Cassava,2023,Thesis,Survey,0.00620844816448243,Education increases yield
443,Central,Mbarara,Primary,3.3770787693505877,35,Male,970907,Borehole,Maize,2022,Thesis,KII,0.024880364173053154,Education increases yield
444,Western,Mbarara,Secondary,4.8735651431867,31,Female,1097724,Tap,Maize,2022,Thesis,Survey,0.03208546571535714,Education increases yield
445,Western,Lira,Secondary,5.914527068193732,28,Male,1457460,River,Beans,2023,Thesis,KII,0.006080334228180432,Education increases yield
446,Northern,Lira,Secondary,3.1406144561908595,59,Male,718979,Tap,Beans,2022,Thesis,FGD,0.026460747678144964,Education increases yield
447,Northern,Gulu,Primary,2.880358530383916,55,Female,1784603,Borehole,Maize,2023,Thesis,Survey,0.029298543107709716,Education increases yield
448,Eastern,Arua,Secondary,2.0261787437653025,30,Male,1073270,Borehole,Maize,2022,Thesis,Survey,0.037382306964860876,Education increases yield
449,Northern,Gulu,Secondary,2.883044425903142,59,Female,828322,Well,Beans,2023,Thesis,FGD,0.012506966408229112,Education increases yield
450,Eastern,Lira,University,6.725146614065153,61,Male,474528,River,Beans,2023,Thesis,Survey,0.015373047661247159,Education increases yield
451,Eastern,Lira,University,7.2182066127545355,50,Female,1412742,River,Cassava,2023,Thesis,Survey,0.02890653618501864,Education increases yield
452,Eastern,Kampala,Secondary,4.098184257970431,30,Female,1906056,Well,Cassava,2024,Thesis,Survey,0.0491731940890991,Education increases yield
453,Eastern,Lira,Secondary,3.632807581187322,42,Female,1642785,Tap,Maize,2024,Thesis,Survey,0.011657165958185608,Education increases yield
454,Eastern,Kampala,Secondary,3.8105821225069625,41,Female,287295,Tap,Beans,2024,Thesis,FGD,0.04930928752904974,Education increases yield
455,Central,Arua,None,2.5694409764241044,46,Male,1051113,Borehole,Cassava,2022,Thesis,Survey,0.03600278411966958,Education increases yield
456,Northern,Gulu,University,6.4159678221198595,53,Male,507532,River,Maize,2023,Thesis,Survey,0.04147802141187114,Education increases yield
457,Eastern,Gulu,University,8.549241622043528,23,Female,1100514,Borehole,Cassava,2022,Thesis,Survey,0.005392422143580622,Education increases yield
458,Western,Kampala,Secondary,4.9940170735411336,35,Male,513260,Well,Cassava,2022,Thesis,KII,0.01572058918410098,Education increases yield
459,Northern,Gulu,Primary,2.9575373461482304,45,Female,1435401,Borehole,Cassava,2023,Thesis,KII,0.0038290777028980715,Education increases yield
460,Northern,Lira,Primary,1.3064030896790044,22,Female,1087517,Tap,Coffee,2024,Thesis,FGD,0.01920580275515559,Education increases yield
461,Eastern,Mbarara,Secondary,5.135238161399627,35,Male,235673,Tap,Maize,2022,Thesis,FGD,0.04908319333608255,Education increases yield
462,Central,Kampala,None,0.7062294222515006,54,Female,863650,Well,Cassava,2022,Thesis,FGD,0.006158380048110586,Education increases yield
463,Eastern,Gulu,University,5.6055602419943,24,Female,1308699,Tap,Maize,2022,Thesis,Survey,0.028556266336188775,Education increases yield
464,Central,Kampala,None,1.7128436130793774,26,Male,444636,Well,Maize,2024,Thesis,KII,0.0012974605178768038,Education increases yield
465,Western,Kampala,Primary,1.1120539394334603,52,Female,1003059,River,Beans,2023,Thesis,KII,0.035921457986159075,Education increases yield
466,Northern,Mbarara,University,6.037758537870418,29,Female,1760517,Well,Maize,2023,Thesis,FGD,0.010662441926230011,Education increases yield
467,Western,Lira,Secondary,4.189884088531088,63,Male,1322050,Well,Cassava,2022,Thesis,KII,0.007349642319113383,Education increases yield
468,Central,Kampala,Primary,4.7184214241147275,57,Male,914204,Well,Maize,2023,Thesis,FGD,0.017513872795878595,Education increases yield
469,Central,Gulu,Primary,1.8130842442075124,61,Female,1835768,Tap,Beans,2024,Thesis,Survey,0.038781170599010095,Education increases yield
470,Western,Arua,None,0.7417834806994246,56,Male,920065,River,Coffee,2023,Thesis,KII,0.006224041229249329,Education increases yield
471,Central,Kampala,Secondary,4.932345054421646,41,Male,303798,Borehole,Coffee,2022,Thesis,Survey,0.012262110794136073,Education increases yield
472,Western,Kampala,None,0.2,26,Male,1316821,River,Beans,2022,Thesis,Survey,0.0014147566592481674,Education increases yield
473,Northern,Mbarara,Secondary,4.6428063810209155,29,Male,1407277,Tap,Cassava,2023,Thesis,KII,0.04845232827208529,Education increases yield
474,Western,Lira,University,8.005926807616587,53,Male,573102,River,Cassava,2022,Thesis,FGD,0.03001513439945433,Education increases yield
475,Northern,Arua,Primary,2.1929051152888985,54,Male,506330,River,Cassava,2024,Thesis,KII,0.03627508218285028,Education increases yield
476,Western,Gulu,University,7.826154281396866,26,Female,420693,Well,Maize,2024,Thesis,Survey,0.03291777538664471,Education increases yield
477,Central,Arua,University,7.0914499232118064,56,Female,246537,Well,Coffee,2024,Thesis,FGD,0.008073863384614044,Education increases yield
478,Western,Gulu,None,0.46931803619621937,63,Male,1223603,Tap,Cassava,2024,Thesis,Survey,0.030152057010705714,Education increases yield
479,Central,Lira,University,6.6021953141034935,39,Male,492976,Well,Coffee,2022,Thesis,FGD,0.0074393641619218435,Education increases yield
480,Western,Gulu,Secondary,3.8202426600197583,34,Male,223472,Tap,Beans,2022,Thesis,KII,0.020660586244193268,Education increases yield
481,Western,Mbarara,University,6.712361742183522,50,Female,379922,Borehole,Coffee,2023,Thesis,Survey,0.02887919366033936,Education increases yield
482,Eastern,Mbarara,Secondary,4.3527178992198285,64,Female,315735,River,Cassava,2022,Thesis,FGD,0.028385174591005643,Education increases yield
483,Central,Mbarara,Secondary,4.788199934971857,41,Female,1334874,Borehole,Coffee,2023,Thesis,FGD,0.006834597873154307,Education increases yield
484,Eastern,Mbarara,Secondary,4.708668249587136,32,Female,1782371,Borehole,Beans,2022,Thesis,KII,0.0026873625126795867,Education increases yield
485,Central,Arua,University,4.368286428737852,46,Male,1454762,River,Coffee,2023,Thesis,FGD,0.04011348137981688,Education increases yield
486,Eastern,Lira,Secondary,4.102691811227974,49,Male,779984,Well,Maize,2023,Thesis,FGD,0.03657019941280426,Education increases yield
487,Northern,Gulu,Secondary,2.690578086593238,50,Male,665463,Borehole,Beans,2024,Thesis,Survey,0.0050091263236721655,Education increases yield
488,Western,Gulu,University,6.524272747532674,46,Male,1247817,River,Maize,2023,Thesis,KII,0.007243360421276119,Education increases yield
489,Central,Mbarara,Primary,2.37621041218908,32,Male,1304949,Borehole,Maize,2023,Thesis,KII,0.0447366050430914,Education increases yield
490,Central,Mbarara,Primary,3.476148358084709,44,Female,740267,Borehole,Cassava,2023,Thesis,Survey,0.03868731617946722,Education increases yield
491,Western,Kampala,Primary,2.4698845328999006,51,Male,608265,River,Cassava,2023,Thesis,Survey,0.04981185451461703,Education increases yield
492,Central,Lira,Primary,2.75921801834326,21,Female,1273573,Well,Beans,2023,Thesis,Survey,0.013445385011046064,Education increases yield
493,Central,Arua,Primary,3.293056380657429,35,Male,1960080,Tap,Cassava,2024,Thesis,FGD,0.02490234645457193,Education increases yield
494,Eastern,Gulu,University,8.0277522598193,38,Male,1461017,River,Coffee,2023,Thesis,KII,0.012586519227055427,Education increases yield
495,Central,Kampala,Primary,2.3769860766430897,25,Female,1858585,Tap,Beans,2023,Thesis,KII,0.03151720678538818,Education increases yield
496,Northern,Kampala,Secondary,4.294179441680409,23,Female,746034,River,Cassava,2023,Thesis,KII,0.006655297715474582,Education increases yield
497,Northern,Gulu,Primary,2.510023302242254,37,Male,1991329,River,Cassava,2022,Thesis,FGD,0.0072349154644086216,Education increases yield
498,Western,Arua,University,6.257401035568924,19,Female,1520323,Tap,Coffee,2022,Thesis,KII,0.004522506678851009,Education increases yield
499,Central,Kampala,University,6.03088477655761,62,Female,539121,Tap,Maize,2024,Thesis,KII,0.034985718030944184,Education increases yield
500,Western,Kampala,Secondary,1.9281140835740649,39,Female,1253146,Well,Coffee,2023,Thesis,KII,0.025209556294227133,Education increases yield
501,Northern,Lira,University,5.72333906547567,38,Male,887676,River,Maize,2023,Thesis,KII,0.03126882960137687,Education increases yield
502,Central,Arua,None,0.2,23,Male,1300180,River,Cassava,2022,Thesis,Survey,0.04408575128287859,Education increases yield
503,Central,Kampala,University,8.055198484453252,49,Male,1267043,River,Maize,2023,Thesis,FGD,0.03727609575301257,Education increases yield
504,Western,Arua,Primary,2.688416008297428,23,Female,1064813,Well,Maize,2024,Thesis,KII,0.02362442299016786,Education increases yield
505,Northern,Gulu,University,6.674061027053166,30,Female,1162142,Tap,Cassava,2023,Thesis,KII,0.0492334434313171,Education increases yield
506,Central,Mbarara,None,0.48251481391891826,18,Male,701062,River,Beans,2024,Thesis,KII,0.02335654895595669,Education increases yield
507,Western,Kampala,Secondary,4.229779263234624,39,Male,1668735,Tap,Coffee,2022,Thesis,KII,0.006510082988443126,Education increases yield
508,Northern,Lira,Secondary,3.352020122344666,41,Female,401441,Well,Cassava,2024,Thesis,KII,0.04964008261538309,Education increases yield
509,Western,Gulu,Primary,2.6740185566206036,58,Male,436177,Borehole,Coffee,2024,Thesis,Survey,0.002118215770727518,Education increases yield
510,Eastern,Arua,Primary,2.7457339829213536,47,Male,984855,Tap,Coffee,2024,Thesis,Survey,0.027944294414899856,Education increases yield
511,Central,Gulu,None,0.3386162976432562,39,Female,1251916,Well,Maize,2024,Thesis,FGD,0.016145678946285755,Education increases yield
512,Eastern,Kampala,Primary,1.619538035177594,61,Female,933208,Borehole,Cassava,2024,Thesis,FGD,0.02567405539983226,Education increases yield
513,Northern,Arua,Secondary,5.162199354595118,29,Male,1970111,River,Beans,2024,Thesis,KII,0.02837693467713156,Education increases yield
514,Eastern,Mbarara,Primary,2.4471400457086996,43,Female,389990,River,Coffee,2024,Thesis,KII,0.012764698917645891,Education increases yield
515,Eastern,Gulu,Primary,1.7189795707351094,21,Female,1292764,Tap,Coffee,2024,Thesis,Survey,0.028286079031125833,Education increases yield
516,Northern,Kampala,None,0.8294936983104809,36,Male,739499,Borehole,Beans,2024,Thesis,FGD,0.03804699448827134,Education increases yield
517,Western,Lira,University,5.789405913293392,33,Female,1524216,Well,Coffee,2022,Thesis,KII,0.01405898202495592,Education increases yield
518,Eastern,Arua,Primary,2.4328164193380832,29,Female,1080813,River,Cassava,2024,Thesis,KII,0.01978788053238145,Education increases yield
519,Western,Gulu,Primary,3.3316283076644684,50,Male,912608,River,Beans,2024,Thesis,KII,0.01414389196503884,Education increases yield
520,Eastern,Gulu,None,1.1723293324057387,38,Female,1748247,Borehole,Cassava,2023,Thesis,FGD,0.041207426818421926,Education increases yield
